step,train_time_s,train_loss,eval_loss
0,0.000000,3.3193374,3.3193374
100,0.004816,2.5050619,2.3703303
200,0.009418,2.3636272,2.325212
300,0.013997,2.3226714,2.3164713
400,0.018440,2.3080513,2.312704
500,0.022984,2.3157578,2.2795558
600,0.027665,2.2942195,2.2907505
700,0.031881,2.2849746,2.2739491
800,0.036279,2.27586,2.2574337
900,0.040645,2.2666647,2.2564054
1000,0.044870,2.2487893,2.2448347
1100,0.048623,2.2434518,2.249862
1200,0.052660,2.2718153,2.2671218
1300,0.056404,2.2771914,2.244716
1400,0.060579,2.2436733,2.2512481
1500,0.064741,2.2456696,2.2451923
1600,0.069037,2.248506,2.2365558
1700,0.073222,2.251296,2.2341735
1800,0.077695,2.2340124,2.221648
1900,0.081645,2.2481353,2.2311883
2000,0.086039,2.255111,2.222078
2100,0.089727,2.2493725,2.21411
2200,0.093870,2.2192852,2.226165
2300,0.097564,2.22648,2.2075603
2400,0.101464,2.2467477,2.2142673
2500,0.105662,2.219924,2.2242038
2600,0.109771,2.2319212,2.213159
2700,0.114280,2.2344527,2.2126892
2800,0.118370,2.216737,2.2109706
2900,0.122407,2.2142615,2.2101073
3000,0.126772,2.1916857,2.2106063
3100,0.130639,2.2252533,2.2185934
3200,0.135105,2.2275481,2.210748
3300,0.139266,2.237154,2.2144585
3400,0.143566,2.218236,2.2089784
3500,0.147293,2.2118068,2.2086067
3600,0.151153,2.2280474,2.1971016
3700,0.155093,2.2018154,2.208227
3800,0.158835,2.219753,2.1971862
3900,0.162912,2.218969,2.1958728
4000,0.166680,2.2305512,2.2001073
4100,0.171123,2.2082953,2.2101297
4200,0.175279,2.1984074,2.2098334
4300,0.179362,2.206819,2.211834
4400,0.183673,2.2246177,2.2043211
4500,0.187843,2.1873147,2.205735
4600,0.192083,2.2133374,2.2031662
4700,0.196440,2.2097826,2.202426
4800,0.200921,2.203044,2.1957593
4900,0.205545,2.1778414,2.2064307
5000,0.210004,2.1918848,2.207744
5100,0.214331,2.2137277,2.1888936
5200,0.218793,2.219838,2.1950495
5300,0.223119,2.1934552,2.1893995
5400,0.227402,2.1920974,2.187897
5500,0.231654,2.1993597,2.186421
5600,0.236065,2.207443,2.1900806
5700,0.240528,2.1838007,2.1878376
5800,0.244891,2.207863,2.1938446
5900,0.249286,2.2100043,2.1931515
6000,0.253945,2.2096102,2.1925924
6100,0.258521,2.183039,2.1949914
6200,0.262581,2.1838944,2.172778
6300,0.266934,2.2030282,2.184175
6400,0.271023,2.1833227,2.1861393
6500,0.274818,2.191073,2.1998937
6600,0.278814,2.2072196,2.1819413
6700,0.283259,2.1815853,2.1947842
6800,0.287367,2.17692,2.1764698
6900,0.291541,2.1584084,2.1832364
7000,0.295920,2.1989477,2.1825862
7100,0.300156,2.2076695,2.193795
7200,0.304424,2.193154,2.178855
7300,0.308929,2.1816258,2.1794624
7400,0.312853,2.1806028,2.1844184
7500,0.317237,2.2007563,2.1829398
7600,0.321457,2.1686883,2.1878703
7700,0.325992,2.1931944,2.181695
7800,0.330440,2.195264,2.1777937
7900,0.334970,2.1947253,2.1795788
8000,0.338872,2.1706185,2.1956124
8100,0.343332,2.1779728,2.1802194
8200,0.347462,2.1912725,2.1722133
8300,0.351911,2.1832633,2.1794467
8400,0.356224,2.166855,2.187904
8500,0.360638,2.1863387,2.1803772
8600,0.365034,2.1798632,2.1815124
8700,0.369412,2.1767209,2.1787772
8800,0.373904,2.1472225,2.178168
8900,0.378314,2.1735556,2.173558
9000,0.382453,2.1860147,2.1728208
9100,0.386866,2.200369,2.1741261
9200,0.391290,2.1669664,2.1810837
9300,0.395760,2.1704404,2.1834934
9400,0.400155,2.171304,2.1712322
9500,0.404342,2.1814246,2.1759632
9600,0.408710,2.1694448,2.1755736
9700,0.412609,2.1808736,2.1750906
9800,0.416932,2.1873252,2.166965
9900,0.421279,2.1725457,2.1719263
10000,0.425695,2.1636324,2.164156
10100,0.429548,2.1644187,2.1666934
10200,0.433217,2.1805592,2.1658025
10300,0.437673,2.1601877,2.1681564
10400,0.442104,2.175795,2.1708438
10500,0.446262,2.1711013,2.1699317
10600,0.450447,2.164078,2.1733701
10700,0.454699,2.1471539,2.1662838
10800,0.458888,2.1470416,2.1701522
10900,0.463522,2.175253,2.167523
11000,0.467845,2.1916583,2.1592748
11100,0.472160,2.1588433,2.1588626
11200,0.476441,2.161026,2.161106
11300,0.481036,2.1636944,2.161416
11400,0.485357,2.1718476,2.1701012
11500,0.489780,2.1548939,2.1607041
11600,0.494144,2.1660743,2.1584988
11700,0.498263,2.1721563,2.1642985
11800,0.502542,2.1723459,2.1563072
11900,0.506389,2.1572275,2.161029
12000,0.510842,2.149019,2.1515875
12100,0.514922,2.1779697,2.1539814
12200,0.519321,2.1436067,2.1541777
12300,0.522963,2.1598887,2.1612284
12400,0.526883,2.1675138,2.163058
12500,0.531419,2.160232,2.157706
12600,0.535893,2.1408958,2.1592045
12700,0.540156,2.1247287,2.158237
12800,0.544504,2.1579907,2.1636567
12900,0.548771,2.163844,2.1574817
13000,0.553130,2.1747582,2.1608877
13100,0.557080,2.1533897,2.1575189
13200,0.561213,2.1481516,2.162637
13300,0.564931,2.1624777,2.1540558
13400,0.569262,2.144435,2.1558428
13500,0.572999,2.1576889,2.1495538
13600,0.576892,2.154494,2.1521697
13700,0.580705,2.1691244,2.1555805
13800,0.584387,2.1488442,2.1538272
13900,0.588496,2.1401615,2.151645
14000,0.592901,2.1469808,2.1546013
14100,0.596992,2.1635406,2.154613
14200,0.601249,2.128191,2.1518946
14300,0.605085,2.1586993,2.1521146
14400,0.609280,2.154097,2.1543744
14500,0.613255,2.1458306,2.149788
14600,0.618360,2.119664,2.148193
14700,0.624107,2.1264808,2.1524043
14800,0.629600,2.1529815,2.149987
14900,0.635047,2.170509,2.1461394
15000,0.640016,2.1395195,2.1454816
15100,0.646071,2.1342363,2.1425176
15200,0.651324,2.143203,2.1451216
15300,0.657014,2.1555011,2.1445572
15400,0.662759,2.1349294,2.145353
15500,0.667435,2.146519,2.1457033
15600,0.672644,2.1508732,2.1492357
15700,0.678405,2.154834,2.1429412
15800,0.683005,2.1323745,2.1418722
15900,0.687386,2.1325727,2.138418
16000,0.691779,2.1498003,2.1414576
16100,0.696160,2.1266842,2.142558
16200,0.700335,2.1414347,2.1420684
16300,0.704393,2.14857,2.1431348
16400,0.708082,2.1328318,2.1402764
16500,0.712145,2.1200998,2.1385622
16600,0.716655,2.104478,2.1388469
16700,0.720999,2.1404612,2.1444309
16800,0.725312,2.158131,2.1429636
16900,0.729884,2.1426263,2.1374807
17000,0.734245,2.1273005,2.1372302
17100,0.738698,2.1284008,2.1414182
17200,0.743004,2.1505914,2.1360695
17300,0.747361,2.1155884,2.1374907
17400,0.751745,2.1395094,2.1373012
17500,0.756199,2.138203,2.1348107
17600,0.760895,2.1457326,2.1351151
17700,0.765271,2.1216583,2.1386852
17800,0.769738,2.1206708,2.1357691
17900,0.773609,2.1474547,2.1333196
18000,0.778133,2.1252854,2.1355913
18100,0.782583,2.115631,2.134049
18200,0.787278,2.137244,2.1322596
18300,0.791798,2.1273942,2.1355436
18400,0.796255,2.1283207,2.132126
18500,0.800782,2.0953705,2.130781
18600,0.805127,2.1128685,2.131169
18700,0.809570,2.1312847,2.1319969
18800,0.813956,2.1536505,2.1310432
18900,0.818456,2.1154783,2.1295958
19000,0.822984,2.121175,2.13009
19100,0.828145,2.117372,2.1285396
19200,0.832313,2.1278467,2.128711
19300,0.836361,2.1187992,2.1277971
19400,0.840755,2.1276035,2.1281557
19500,0.845598,2.1345031,2.1282601
19600,0.849874,2.123616,2.1281989
19700,0.854168,2.1146302,2.1276114
19800,0.858030,2.1156902,2.127191
19900,0.862866,2.1333022,2.1270266
20000,0.872269,2.1017225,2.127051
